<?xml version="1.0" encoding="utf-8" standalone="no"?>
<manifest identifier="com.LiaScript.StretchingNumriqueH5PetLiascript.f4b444ce-05f9-4a39-a31b-c71d21780b0d" version="1" xmlns:adlcp="http://www.adlnet.org/xsd/adlcp_rootv1p2" xmlns="http://www.imsproject.org/xsd/imscp_rootv1p1p2" xmlns:xsi="http://www.w3.org/2001/XMLSchema-instance" xsi:schemaLocation="http://www.imsproject.org/xsd/imscp_rootv1p1p2 imscp_rootv1p1p2.xsd http://www.imsglobal.org/xsd/imsmd_rootv1p2p1 imsmd_rootv1p2p1.xsd http://www.adlnet.org/xsd/adlcp_rootv1p2 adlcp_rootv1p2.xsd">
  <metadata>
    <schema>ADL SCORM</schema>
    <schemaversion>1.2</schemaversion>
    <adlcp:location>metadata.xml</adlcp:location>
  </metadata>
  <organizations default="LiaScript">
    <organization identifier="LiaScript">
      <title>Stretching Numérique : H5P et Liascript</title>
      <item identifier="item_com.LiaScript.StretchingNumriqueH5PetLiascript.f4b444ce-05f9-4a39-a31b-c71d21780b0d" identifierref="resource_com.LiaScript.StretchingNumriqueH5PetLiascript.f4b444ce-05f9-4a39-a31b-c71d21780b0d" parameters=".\H5PLiascript.md">
        <title>Stretching Numérique : H5P et Liascript</title>
        <adlcp:masteryscore>0</adlcp:masteryscore>
        <metadata>
          <schema>ADL SCORM</schema>
          <schemaversion>1.2</schemaversion>
          <adlcp:location>metadata.xml</adlcp:location>
        </metadata>
      </item>
      <metadata>
        <schema>ADL SCORM</schema>
        <schemaversion>1.2</schemaversion>
        <adlcp:location>metadata.xml</adlcp:location>
      </metadata>
    </organization>
  </organizations>
  <resources>
    <metadata>
      <schema>ADL SCORM</schema>
      <schemaversion>1.2</schemaversion>
      <adlcp:location>metadata.xml</adlcp:location>
    </metadata>
    <resource identifier="resource_com.LiaScript.StretchingNumriqueH5PetLiascript.f4b444ce-05f9-4a39-a31b-c71d21780b0d" type="webcontent" href="index.html" adlcp:scormtype="sco">
      <metadata>
        <schema>ADL SCORM</schema>
        <schemaversion>1.2</schemaversion>
        <adlcp:location>metadata.xml</adlcp:location>
      </metadata>
      <file href="Beaker.3f7d898b.js"/>
      <file href="Beaker.473c0b26.js"/>
      <file href="Beaker.8da66c5f.js"/>
      <file href="Beaker.bbb8b39b.js"/>
      <file href="config.js"/>
      <file href="cours1.md"/>
      <file href="editor/ace.js"/>
      <file href="editor/ext-beautify.js"/>
      <file href="editor/ext-code_lens.js"/>
      <file href="editor/ext-elastic_tabstops_lite.js"/>
      <file href="editor/ext-emmet.js"/>
      <file href="editor/ext-error_marker.js"/>
      <file href="editor/ext-hardwrap.js"/>
      <file href="editor/ext-keybinding_menu.js"/>
      <file href="editor/ext-language_tools.js"/>
      <file href="editor/ext-linking.js"/>
      <file href="editor/ext-modelist.js"/>
      <file href="editor/ext-options.js"/>
      <file href="editor/ext-prompt.js"/>
      <file href="editor/ext-rtl.js"/>
      <file href="editor/ext-searchbox.js"/>
      <file href="editor/ext-settings_menu.js"/>
      <file href="editor/ext-spellcheck.js"/>
      <file href="editor/ext-split.js"/>
      <file href="editor/ext-static_highlight.js"/>
      <file href="editor/ext-statusbar.js"/>
      <file href="editor/ext-textarea.js"/>
      <file href="editor/ext-themelist.js"/>
      <file href="editor/ext-whitespace.js"/>
      <file href="editor/keybinding-emacs.js"/>
      <file href="editor/keybinding-sublime.js"/>
      <file href="editor/keybinding-vim.js"/>
      <file href="editor/keybinding-vscode.js"/>
      <file href="editor/mode-abap.js"/>
      <file href="editor/mode-abc.js"/>
      <file href="editor/mode-actionscript.js"/>
      <file href="editor/mode-ada.js"/>
      <file href="editor/mode-alda.js"/>
      <file href="editor/mode-apache_conf.js"/>
      <file href="editor/mode-apex.js"/>
      <file href="editor/mode-applescript.js"/>
      <file href="editor/mode-aql.js"/>
      <file href="editor/mode-asciidoc.js"/>
      <file href="editor/mode-asl.js"/>
      <file href="editor/mode-assembly_x86.js"/>
      <file href="editor/mode-autohotkey.js"/>
      <file href="editor/mode-batchfile.js"/>
      <file href="editor/mode-bibtex.js"/>
      <file href="editor/mode-c9search.js"/>
      <file href="editor/mode-cirru.js"/>
      <file href="editor/mode-clojure.js"/>
      <file href="editor/mode-cobol.js"/>
      <file href="editor/mode-coffee.js"/>
      <file href="editor/mode-coldfusion.js"/>
      <file href="editor/mode-crystal.js"/>
      <file href="editor/mode-csharp.js"/>
      <file href="editor/mode-csound_document.js"/>
      <file href="editor/mode-csound_orchestra.js"/>
      <file href="editor/mode-csound_score.js"/>
      <file href="editor/mode-csp.js"/>
      <file href="editor/mode-css.js"/>
      <file href="editor/mode-curly.js"/>
      <file href="editor/mode-c_cpp.js"/>
      <file href="editor/mode-d.js"/>
      <file href="editor/mode-dart.js"/>
      <file href="editor/mode-diff.js"/>
      <file href="editor/mode-django.js"/>
      <file href="editor/mode-dockerfile.js"/>
      <file href="editor/mode-dot.js"/>
      <file href="editor/mode-drools.js"/>
      <file href="editor/mode-edifact.js"/>
      <file href="editor/mode-eiffel.js"/>
      <file href="editor/mode-ejs.js"/>
      <file href="editor/mode-elixir.js"/>
      <file href="editor/mode-elm.js"/>
      <file href="editor/mode-erlang.js"/>
      <file href="editor/mode-forth.js"/>
      <file href="editor/mode-fortran.js"/>
      <file href="editor/mode-fsharp.js"/>
      <file href="editor/mode-fsl.js"/>
      <file href="editor/mode-ftl.js"/>
      <file href="editor/mode-gcode.js"/>
      <file href="editor/mode-gherkin.js"/>
      <file href="editor/mode-gitignore.js"/>
      <file href="editor/mode-glsl.js"/>
      <file href="editor/mode-gobstones.js"/>
      <file href="editor/mode-golang.js"/>
      <file href="editor/mode-graphqlschema.js"/>
      <file href="editor/mode-groovy.js"/>
      <file href="editor/mode-haml.js"/>
      <file href="editor/mode-handlebars.js"/>
      <file href="editor/mode-haskell.js"/>
      <file href="editor/mode-haskell_cabal.js"/>
      <file href="editor/mode-haxe.js"/>
      <file href="editor/mode-hjson.js"/>
      <file href="editor/mode-html.js"/>
      <file href="editor/mode-html_elixir.js"/>
      <file href="editor/mode-html_ruby.js"/>
      <file href="editor/mode-ini.js"/>
      <file href="editor/mode-io.js"/>
      <file href="editor/mode-ion.js"/>
      <file href="editor/mode-jack.js"/>
      <file href="editor/mode-jade.js"/>
      <file href="editor/mode-java.js"/>
      <file href="editor/mode-javascript.js"/>
      <file href="editor/mode-jexl.js"/>
      <file href="editor/mode-json.js"/>
      <file href="editor/mode-json5.js"/>
      <file href="editor/mode-jsoniq.js"/>
      <file href="editor/mode-jsp.js"/>
      <file href="editor/mode-jssm.js"/>
      <file href="editor/mode-jsx.js"/>
      <file href="editor/mode-julia.js"/>
      <file href="editor/mode-kotlin.js"/>
      <file href="editor/mode-latex.js"/>
      <file href="editor/mode-latte.js"/>
      <file href="editor/mode-less.js"/>
      <file href="editor/mode-liquid.js"/>
      <file href="editor/mode-lisp.js"/>
      <file href="editor/mode-livescript.js"/>
      <file href="editor/mode-logiql.js"/>
      <file href="editor/mode-logtalk.js"/>
      <file href="editor/mode-lsl.js"/>
      <file href="editor/mode-lua.js"/>
      <file href="editor/mode-luapage.js"/>
      <file href="editor/mode-lucene.js"/>
      <file href="editor/mode-makefile.js"/>
      <file href="editor/mode-markdown.js"/>
      <file href="editor/mode-mask.js"/>
      <file href="editor/mode-matlab.js"/>
      <file href="editor/mode-maze.js"/>
      <file href="editor/mode-mediawiki.js"/>
      <file href="editor/mode-mel.js"/>
      <file href="editor/mode-mips.js"/>
      <file href="editor/mode-mixal.js"/>
      <file href="editor/mode-mushcode.js"/>
      <file href="editor/mode-mysql.js"/>
      <file href="editor/mode-nginx.js"/>
      <file href="editor/mode-nim.js"/>
      <file href="editor/mode-nix.js"/>
      <file href="editor/mode-nsis.js"/>
      <file href="editor/mode-nunjucks.js"/>
      <file href="editor/mode-objectivec.js"/>
      <file href="editor/mode-ocaml.js"/>
      <file href="editor/mode-partiql.js"/>
      <file href="editor/mode-pascal.js"/>
      <file href="editor/mode-perl.js"/>
      <file href="editor/mode-pgsql.js"/>
      <file href="editor/mode-php.js"/>
      <file href="editor/mode-php_laravel_blade.js"/>
      <file href="editor/mode-pig.js"/>
      <file href="editor/mode-plain_text.js"/>
      <file href="editor/mode-plsql.js"/>
      <file href="editor/mode-powershell.js"/>
      <file href="editor/mode-praat.js"/>
      <file href="editor/mode-prisma.js"/>
      <file href="editor/mode-prolog.js"/>
      <file href="editor/mode-properties.js"/>
      <file href="editor/mode-protobuf.js"/>
      <file href="editor/mode-puppet.js"/>
      <file href="editor/mode-python.js"/>
      <file href="editor/mode-qml.js"/>
      <file href="editor/mode-r.js"/>
      <file href="editor/mode-raku.js"/>
      <file href="editor/mode-razor.js"/>
      <file href="editor/mode-rdoc.js"/>
      <file href="editor/mode-red.js"/>
      <file href="editor/mode-redshift.js"/>
      <file href="editor/mode-rhtml.js"/>
      <file href="editor/mode-robot.js"/>
      <file href="editor/mode-rst.js"/>
      <file href="editor/mode-ruby.js"/>
      <file href="editor/mode-rust.js"/>
      <file href="editor/mode-sac.js"/>
      <file href="editor/mode-sass.js"/>
      <file href="editor/mode-scad.js"/>
      <file href="editor/mode-scala.js"/>
      <file href="editor/mode-scheme.js"/>
      <file href="editor/mode-scrypt.js"/>
      <file href="editor/mode-scss.js"/>
      <file href="editor/mode-sh.js"/>
      <file href="editor/mode-sjs.js"/>
      <file href="editor/mode-slim.js"/>
      <file href="editor/mode-smarty.js"/>
      <file href="editor/mode-smithy.js"/>
      <file href="editor/mode-snippets.js"/>
      <file href="editor/mode-soy_template.js"/>
      <file href="editor/mode-space.js"/>
      <file href="editor/mode-sparql.js"/>
      <file href="editor/mode-sql.js"/>
      <file href="editor/mode-sqlserver.js"/>
      <file href="editor/mode-stylus.js"/>
      <file href="editor/mode-svg.js"/>
      <file href="editor/mode-swift.js"/>
      <file href="editor/mode-tcl.js"/>
      <file href="editor/mode-terraform.js"/>
      <file href="editor/mode-tex.js"/>
      <file href="editor/mode-text.js"/>
      <file href="editor/mode-textile.js"/>
      <file href="editor/mode-toml.js"/>
      <file href="editor/mode-tsx.js"/>
      <file href="editor/mode-turtle.js"/>
      <file href="editor/mode-twig.js"/>
      <file href="editor/mode-typescript.js"/>
      <file href="editor/mode-vala.js"/>
      <file href="editor/mode-vbscript.js"/>
      <file href="editor/mode-velocity.js"/>
      <file href="editor/mode-verilog.js"/>
      <file href="editor/mode-vhdl.js"/>
      <file href="editor/mode-visualforce.js"/>
      <file href="editor/mode-wollok.js"/>
      <file href="editor/mode-xml.js"/>
      <file href="editor/mode-xquery.js"/>
      <file href="editor/mode-yaml.js"/>
      <file href="editor/mode-zeek.js"/>
      <file href="editor/snippets/abap.js"/>
      <file href="editor/snippets/abc.js"/>
      <file href="editor/snippets/actionscript.js"/>
      <file href="editor/snippets/ada.js"/>
      <file href="editor/snippets/alda.js"/>
      <file href="editor/snippets/apache_conf.js"/>
      <file href="editor/snippets/apex.js"/>
      <file href="editor/snippets/applescript.js"/>
      <file href="editor/snippets/aql.js"/>
      <file href="editor/snippets/asciidoc.js"/>
      <file href="editor/snippets/asl.js"/>
      <file href="editor/snippets/assembly_x86.js"/>
      <file href="editor/snippets/autohotkey.js"/>
      <file href="editor/snippets/batchfile.js"/>
      <file href="editor/snippets/bibtex.js"/>
      <file href="editor/snippets/c9search.js"/>
      <file href="editor/snippets/cirru.js"/>
      <file href="editor/snippets/clojure.js"/>
      <file href="editor/snippets/cobol.js"/>
      <file href="editor/snippets/coffee.js"/>
      <file href="editor/snippets/coldfusion.js"/>
      <file href="editor/snippets/crystal.js"/>
      <file href="editor/snippets/csharp.js"/>
      <file href="editor/snippets/csound_document.js"/>
      <file href="editor/snippets/csound_orchestra.js"/>
      <file href="editor/snippets/csound_score.js"/>
      <file href="editor/snippets/csp.js"/>
      <file href="editor/snippets/css.js"/>
      <file href="editor/snippets/curly.js"/>
      <file href="editor/snippets/c_cpp.js"/>
      <file href="editor/snippets/d.js"/>
      <file href="editor/snippets/dart.js"/>
      <file href="editor/snippets/diff.js"/>
      <file href="editor/snippets/django.js"/>
      <file href="editor/snippets/dockerfile.js"/>
      <file href="editor/snippets/dot.js"/>
      <file href="editor/snippets/drools.js"/>
      <file href="editor/snippets/edifact.js"/>
      <file href="editor/snippets/eiffel.js"/>
      <file href="editor/snippets/ejs.js"/>
      <file href="editor/snippets/elixir.js"/>
      <file href="editor/snippets/elm.js"/>
      <file href="editor/snippets/erlang.js"/>
      <file href="editor/snippets/forth.js"/>
      <file href="editor/snippets/fortran.js"/>
      <file href="editor/snippets/fsharp.js"/>
      <file href="editor/snippets/fsl.js"/>
      <file href="editor/snippets/ftl.js"/>
      <file href="editor/snippets/gcode.js"/>
      <file href="editor/snippets/gherkin.js"/>
      <file href="editor/snippets/gitignore.js"/>
      <file href="editor/snippets/glsl.js"/>
      <file href="editor/snippets/gobstones.js"/>
      <file href="editor/snippets/golang.js"/>
      <file href="editor/snippets/graphqlschema.js"/>
      <file href="editor/snippets/groovy.js"/>
      <file href="editor/snippets/haml.js"/>
      <file href="editor/snippets/handlebars.js"/>
      <file href="editor/snippets/haskell.js"/>
      <file href="editor/snippets/haskell_cabal.js"/>
      <file href="editor/snippets/haxe.js"/>
      <file href="editor/snippets/hjson.js"/>
      <file href="editor/snippets/html.js"/>
      <file href="editor/snippets/html_elixir.js"/>
      <file href="editor/snippets/html_ruby.js"/>
      <file href="editor/snippets/ini.js"/>
      <file href="editor/snippets/io.js"/>
      <file href="editor/snippets/ion.js"/>
      <file href="editor/snippets/jack.js"/>
      <file href="editor/snippets/jade.js"/>
      <file href="editor/snippets/java.js"/>
      <file href="editor/snippets/javascript.js"/>
      <file href="editor/snippets/jexl.js"/>
      <file href="editor/snippets/json.js"/>
      <file href="editor/snippets/json5.js"/>
      <file href="editor/snippets/jsoniq.js"/>
      <file href="editor/snippets/jsp.js"/>
      <file href="editor/snippets/jssm.js"/>
      <file href="editor/snippets/jsx.js"/>
      <file href="editor/snippets/julia.js"/>
      <file href="editor/snippets/kotlin.js"/>
      <file href="editor/snippets/latex.js"/>
      <file href="editor/snippets/latte.js"/>
      <file href="editor/snippets/less.js"/>
      <file href="editor/snippets/liquid.js"/>
      <file href="editor/snippets/lisp.js"/>
      <file href="editor/snippets/livescript.js"/>
      <file href="editor/snippets/logiql.js"/>
      <file href="editor/snippets/logtalk.js"/>
      <file href="editor/snippets/lsl.js"/>
      <file href="editor/snippets/lua.js"/>
      <file href="editor/snippets/luapage.js"/>
      <file href="editor/snippets/lucene.js"/>
      <file href="editor/snippets/makefile.js"/>
      <file href="editor/snippets/markdown.js"/>
      <file href="editor/snippets/mask.js"/>
      <file href="editor/snippets/matlab.js"/>
      <file href="editor/snippets/maze.js"/>
      <file href="editor/snippets/mediawiki.js"/>
      <file href="editor/snippets/mel.js"/>
      <file href="editor/snippets/mips.js"/>
      <file href="editor/snippets/mixal.js"/>
      <file href="editor/snippets/mushcode.js"/>
      <file href="editor/snippets/mysql.js"/>
      <file href="editor/snippets/nginx.js"/>
      <file href="editor/snippets/nim.js"/>
      <file href="editor/snippets/nix.js"/>
      <file href="editor/snippets/nsis.js"/>
      <file href="editor/snippets/nunjucks.js"/>
      <file href="editor/snippets/objectivec.js"/>
      <file href="editor/snippets/ocaml.js"/>
      <file href="editor/snippets/partiql.js"/>
      <file href="editor/snippets/pascal.js"/>
      <file href="editor/snippets/perl.js"/>
      <file href="editor/snippets/pgsql.js"/>
      <file href="editor/snippets/php.js"/>
      <file href="editor/snippets/php_laravel_blade.js"/>
      <file href="editor/snippets/pig.js"/>
      <file href="editor/snippets/plain_text.js"/>
      <file href="editor/snippets/plsql.js"/>
      <file href="editor/snippets/powershell.js"/>
      <file href="editor/snippets/praat.js"/>
      <file href="editor/snippets/prisma.js"/>
      <file href="editor/snippets/prolog.js"/>
      <file href="editor/snippets/properties.js"/>
      <file href="editor/snippets/protobuf.js"/>
      <file href="editor/snippets/puppet.js"/>
      <file href="editor/snippets/python.js"/>
      <file href="editor/snippets/qml.js"/>
      <file href="editor/snippets/r.js"/>
      <file href="editor/snippets/raku.js"/>
      <file href="editor/snippets/razor.js"/>
      <file href="editor/snippets/rdoc.js"/>
      <file href="editor/snippets/red.js"/>
      <file href="editor/snippets/redshift.js"/>
      <file href="editor/snippets/rhtml.js"/>
      <file href="editor/snippets/robot.js"/>
      <file href="editor/snippets/rst.js"/>
      <file href="editor/snippets/ruby.js"/>
      <file href="editor/snippets/rust.js"/>
      <file href="editor/snippets/sac.js"/>
      <file href="editor/snippets/sass.js"/>
      <file href="editor/snippets/scad.js"/>
      <file href="editor/snippets/scala.js"/>
      <file href="editor/snippets/scheme.js"/>
      <file href="editor/snippets/scrypt.js"/>
      <file href="editor/snippets/scss.js"/>
      <file href="editor/snippets/sh.js"/>
      <file href="editor/snippets/sjs.js"/>
      <file href="editor/snippets/slim.js"/>
      <file href="editor/snippets/smarty.js"/>
      <file href="editor/snippets/smithy.js"/>
      <file href="editor/snippets/snippets.js"/>
      <file href="editor/snippets/soy_template.js"/>
      <file href="editor/snippets/space.js"/>
      <file href="editor/snippets/sparql.js"/>
      <file href="editor/snippets/sql.js"/>
      <file href="editor/snippets/sqlserver.js"/>
      <file href="editor/snippets/stylus.js"/>
      <file href="editor/snippets/svg.js"/>
      <file href="editor/snippets/swift.js"/>
      <file href="editor/snippets/tcl.js"/>
      <file href="editor/snippets/terraform.js"/>
      <file href="editor/snippets/tex.js"/>
      <file href="editor/snippets/text.js"/>
      <file href="editor/snippets/textile.js"/>
      <file href="editor/snippets/toml.js"/>
      <file href="editor/snippets/tsx.js"/>
      <file href="editor/snippets/turtle.js"/>
      <file href="editor/snippets/twig.js"/>
      <file href="editor/snippets/typescript.js"/>
      <file href="editor/snippets/vala.js"/>
      <file href="editor/snippets/vbscript.js"/>
      <file href="editor/snippets/velocity.js"/>
      <file href="editor/snippets/verilog.js"/>
      <file href="editor/snippets/vhdl.js"/>
      <file href="editor/snippets/visualforce.js"/>
      <file href="editor/snippets/wollok.js"/>
      <file href="editor/snippets/xml.js"/>
      <file href="editor/snippets/xquery.js"/>
      <file href="editor/snippets/yaml.js"/>
      <file href="editor/snippets/zeek.js"/>
      <file href="editor/theme-ambiance.js"/>
      <file href="editor/theme-chaos.js"/>
      <file href="editor/theme-chrome.js"/>
      <file href="editor/theme-cloud9_day.js"/>
      <file href="editor/theme-cloud9_night.js"/>
      <file href="editor/theme-cloud9_night_low_color.js"/>
      <file href="editor/theme-clouds.js"/>
      <file href="editor/theme-clouds_midnight.js"/>
      <file href="editor/theme-cobalt.js"/>
      <file href="editor/theme-crimson_editor.js"/>
      <file href="editor/theme-dawn.js"/>
      <file href="editor/theme-dracula.js"/>
      <file href="editor/theme-dreamweaver.js"/>
      <file href="editor/theme-eclipse.js"/>
      <file href="editor/theme-github.js"/>
      <file href="editor/theme-gob.js"/>
      <file href="editor/theme-gruvbox.js"/>
      <file href="editor/theme-gruvbox_dark_hard.js"/>
      <file href="editor/theme-gruvbox_light_hard.js"/>
      <file href="editor/theme-idle_fingers.js"/>
      <file href="editor/theme-iplastic.js"/>
      <file href="editor/theme-katzenmilch.js"/>
      <file href="editor/theme-kr_theme.js"/>
      <file href="editor/theme-kuroir.js"/>
      <file href="editor/theme-merbivore.js"/>
      <file href="editor/theme-merbivore_soft.js"/>
      <file href="editor/theme-monokai.js"/>
      <file href="editor/theme-mono_industrial.js"/>
      <file href="editor/theme-nord_dark.js"/>
      <file href="editor/theme-one_dark.js"/>
      <file href="editor/theme-pastel_on_dark.js"/>
      <file href="editor/theme-solarized_dark.js"/>
      <file href="editor/theme-solarized_light.js"/>
      <file href="editor/theme-sqlserver.js"/>
      <file href="editor/theme-terminal.js"/>
      <file href="editor/theme-textmate.js"/>
      <file href="editor/theme-tomorrow.js"/>
      <file href="editor/theme-tomorrow_night.js"/>
      <file href="editor/theme-tomorrow_night_blue.js"/>
      <file href="editor/theme-tomorrow_night_bright.js"/>
      <file href="editor/theme-tomorrow_night_eighties.js"/>
      <file href="editor/theme-twilight.js"/>
      <file href="editor/theme-vibrant_ink.js"/>
      <file href="editor/theme-xcode.js"/>
      <file href="editor/worker-base.js"/>
      <file href="editor/worker-coffee.js"/>
      <file href="editor/worker-css.js"/>
      <file href="editor/worker-html.js"/>
      <file href="editor/worker-javascript.js"/>
      <file href="editor/worker-json.js"/>
      <file href="editor/worker-lua.js"/>
      <file href="editor/worker-php.js"/>
      <file href="editor/worker-xml.js"/>
      <file href="editor/worker-xquery.js"/>
      <file href="editor/worker-yaml.js"/>
      <file href="Edrys.5bb57f09.js"/>
      <file href="Edrys.f80e8758.js"/>
      <file href="Gun.25c78880.js"/>
      <file href="Gun.5d090857.js"/>
      <file href="H5PLiascript.md"/>
      <file href="icon.080717a7.woff"/>
      <file href="icon.7c797545.svg"/>
      <file href="icon.ccdae392.woff2"/>
      <file href="icon.d1149927.eot"/>
      <file href="icon.d273530b.ttf"/>
      <file href="icon.ico"/>
      <file href="images/logiquiz1.PNG"/>
      <file href="images/REL.png"/>
      <file href="images/video.mp4"/>
      <file href="index.0734ce30.js"/>
      <file href="index.0888bff6.css"/>
      <file href="index.1a43c3cf.js"/>
      <file href="index.1df2912f.js"/>
      <file href="index.224f87b9.js"/>
      <file href="index.2335651d.js"/>
      <file href="index.2fe5b801.js"/>
      <file href="index.68d3d530.js"/>
      <file href="index.697f72c7.js"/>
      <file href="index.7a3f987c.js"/>
      <file href="index.7ac8cb60.js"/>
      <file href="index.929fda0e.js"/>
      <file href="index.95c230f2.js"/>
      <file href="index.a0cf34b4.js"/>
      <file href="index.b6e0b2d7.js"/>
      <file href="index.c239bf26.js"/>
      <file href="index.c8195391.js"/>
      <file href="index.ce468b42.js"/>
      <file href="index.ced42547.js"/>
      <file href="index.daa4374e.js"/>
      <file href="index.html"/>
      <file href="Jitsi.768a85f6.js"/>
      <file href="Jitsi.a0090414.js"/>
      <file href="katex.min.css"/>
      <file href="KaTeX_AMS-Regular.0ed69bcc.woff"/>
      <file href="KaTeX_AMS-Regular.250082d1.ttf"/>
      <file href="KaTeX_AMS-Regular.4cd18550.woff2"/>
      <file href="KaTeX_Caligraphic-Bold.5d7c4d00.ttf"/>
      <file href="KaTeX_Caligraphic-Bold.7d84fcea.woff2"/>
      <file href="KaTeX_Caligraphic-Bold.8b718944.woff"/>
      <file href="KaTeX_Caligraphic-Regular.7e34eae2.woff2"/>
      <file href="KaTeX_Caligraphic-Regular.ab0f4493.woff"/>
      <file href="KaTeX_Caligraphic-Regular.d4de5f30.ttf"/>
      <file href="KaTeX_Fraktur-Bold.4d449c5d.ttf"/>
      <file href="KaTeX_Fraktur-Bold.75fe0c6c.woff"/>
      <file href="KaTeX_Fraktur-Bold.db0fea8b.woff2"/>
      <file href="KaTeX_Fraktur-Regular.1cce75f1.woff"/>
      <file href="KaTeX_Fraktur-Regular.7a216293.woff2"/>
      <file href="KaTeX_Fraktur-Regular.ab0bff81.ttf"/>
      <file href="KaTeX_Main-Bold.08709b09.woff"/>
      <file href="KaTeX_Main-Bold.88cef7b1.woff2"/>
      <file href="KaTeX_Main-Bold.95836a30.ttf"/>
      <file href="KaTeX_Main-BoldItalic.26f3c4f3.ttf"/>
      <file href="KaTeX_Main-BoldItalic.c09d0cf1.woff2"/>
      <file href="KaTeX_Main-BoldItalic.d122a512.woff"/>
      <file href="KaTeX_Main-Italic.66e02c4c.woff"/>
      <file href="KaTeX_Main-Italic.c6e95937.ttf"/>
      <file href="KaTeX_Main-Italic.de0e580d.woff2"/>
      <file href="KaTeX_Main-Regular.5a82f7eb.woff"/>
      <file href="KaTeX_Main-Regular.cd9ba532.ttf"/>
      <file href="KaTeX_Main-Regular.e2dbd876.woff2"/>
      <file href="KaTeX_Math-BoldItalic.6cf39e99.woff2"/>
      <file href="KaTeX_Math-BoldItalic.b0ed6322.woff"/>
      <file href="KaTeX_Math-BoldItalic.df285d77.ttf"/>
      <file href="KaTeX_Math-Italic.0470e72d.woff2"/>
      <file href="KaTeX_Math-Italic.cfffd3c0.woff"/>
      <file href="KaTeX_Math-Italic.ffea941f.ttf"/>
      <file href="KaTeX_SansSerif-Bold.67ea3185.ttf"/>
      <file href="KaTeX_SansSerif-Bold.8e1222db.woff"/>
      <file href="KaTeX_SansSerif-Bold.b444b1f5.woff2"/>
      <file href="KaTeX_SansSerif-Italic.6a451fb7.woff2"/>
      <file href="KaTeX_SansSerif-Italic.75326218.ttf"/>
      <file href="KaTeX_SansSerif-Italic.fb683703.woff"/>
      <file href="KaTeX_SansSerif-Regular.51b8a34d.ttf"/>
      <file href="KaTeX_SansSerif-Regular.94fae992.woff"/>
      <file href="KaTeX_SansSerif-Regular.e52904c3.woff2"/>
      <file href="KaTeX_Script-Regular.6205c9f9.woff"/>
      <file href="KaTeX_Script-Regular.964126b9.ttf"/>
      <file href="KaTeX_Script-Regular.9f85c0f7.woff2"/>
      <file href="KaTeX_Size1-Regular.263f0826.woff2"/>
      <file href="KaTeX_Size1-Regular.679bf7b5.woff"/>
      <file href="KaTeX_Size1-Regular.9e7bb2db.ttf"/>
      <file href="KaTeX_Size2-Regular.16a5807b.ttf"/>
      <file href="KaTeX_Size2-Regular.5c5b0f28.woff"/>
      <file href="KaTeX_Size2-Regular.7ddce1f2.woff2"/>
      <file href="KaTeX_Size3-Regular.2a93ab93.woff"/>
      <file href="KaTeX_Size3-Regular.347ba5e0.ttf"/>
      <file href="KaTeX_Size3-Regular.8e605720.woff2"/>
      <file href="KaTeX_Size4-Regular.2488fb45.woff"/>
      <file href="KaTeX_Size4-Regular.595ce6e5.woff2"/>
      <file href="KaTeX_Size4-Regular.f41b14d6.ttf"/>
      <file href="KaTeX_Typewriter-Regular.21beea8e.woff2"/>
      <file href="KaTeX_Typewriter-Regular.662fc5b4.woff"/>
      <file href="KaTeX_Typewriter-Regular.ffbe21f7.ttf"/>
      <file href="Liainit.md"/>
      <file href="logo.abbc2cae.png"/>
      <file href="PubNub.26da9c76.js"/>
      <file href="PubNub.4f03e095.js"/>
      <file href="SCORM1.2.0da8e8ee.js"/>
      <file href="SCORM1.2.e32438b5.js"/>
      <file href="source-code-pro-v13-latin-600.15f00b22.svg"/>
      <file href="source-code-pro-v13-latin-600.2ae57109.ttf"/>
      <file href="source-code-pro-v13-latin-600.880fd07b.eot"/>
      <file href="source-code-pro-v13-latin-600.92aac5ff.woff2"/>
      <file href="source-code-pro-v13-latin-600.adab8c0f.woff"/>
      <file href="source-code-pro-v13-latin-regular.21a33c48.woff2"/>
      <file href="source-code-pro-v13-latin-regular.81f5593d.woff"/>
      <file href="source-code-pro-v13-latin-regular.91afd03e.svg"/>
      <file href="source-code-pro-v13-latin-regular.c2e0862c.eot"/>
      <file href="source-code-pro-v13-latin-regular.d61437b4.ttf"/>
      <file href="source-sans-pro-v14-latin-600.234ae412.svg"/>
      <file href="source-sans-pro-v14-latin-600.65fc2f67.eot"/>
      <file href="source-sans-pro-v14-latin-600.8fb77535.woff2"/>
      <file href="source-sans-pro-v14-latin-600.b5f40659.woff"/>
      <file href="source-sans-pro-v14-latin-600.d8df00af.ttf"/>
      <file href="source-sans-pro-v14-latin-700.19d2a757.woff2"/>
      <file href="source-sans-pro-v14-latin-700.43d19605.eot"/>
      <file href="source-sans-pro-v14-latin-700.783891dd.woff"/>
      <file href="source-sans-pro-v14-latin-700.a5afadf4.ttf"/>
      <file href="source-sans-pro-v14-latin-700.df9681de.svg"/>
      <file href="source-sans-pro-v14-latin-regular.097b8a44.eot"/>
      <file href="source-sans-pro-v14-latin-regular.32b4dc53.svg"/>
      <file href="source-sans-pro-v14-latin-regular.89fa7c31.ttf"/>
      <file href="source-sans-pro-v14-latin-regular.bc1deea3.woff2"/>
      <file href="source-sans-pro-v14-latin-regular.d3d258d8.woff"/>
      <file href="source-serif-pro-v10-latin-600.a3a31a14.woff"/>
      <file href="source-serif-pro-v10-latin-600.a6ed946c.ttf"/>
      <file href="source-serif-pro-v10-latin-600.a8e70b44.svg"/>
      <file href="source-serif-pro-v10-latin-600.b4666fd2.eot"/>
      <file href="source-serif-pro-v10-latin-600.b852e510.woff2"/>
      <file href="source-serif-pro-v10-latin-700.05c6e580.woff2"/>
      <file href="source-serif-pro-v10-latin-700.38c57352.eot"/>
      <file href="source-serif-pro-v10-latin-700.8d76004a.woff"/>
      <file href="source-serif-pro-v10-latin-700.90cffcb9.svg"/>
      <file href="source-serif-pro-v10-latin-700.ca4bf240.ttf"/>
      <file href="up_/up_/assets/logo_192.png"/>
    </resource>
  </resources>
</manifest>